,DATE,Cocoa,Corn,Cotton,Rubber,Sugar,BP,CVX,XOM,XOM.1,RDS.A,RDS.B,AMX,CX,FMX,ALFAA,PAC,BIMBOA,GISSAA,ANB,SANMEXB,SIEN,AZTECACPO,TV,WALMEX,TOTAL Diesel,TOTAL Magna,TOTAL Premium
176,2000-01-01,,,,,,56.64375,,41.51408,41.51408,,,,11.789375,14.575,,,,,,,,,15.66095,,1255097,2221120,263004
177,2000-02-01,,,,,,47.90625,,38.66604,38.66604,,,,10.898455,15.19313,,,,,,,,,18.503125,,1310000,2188110,267846
178,2000-03-01,,,,,,50.8369565217,,38.5958043478,38.5958043478,,,,11.9813565217,16.5396086957,,,,,,,,,18.8491956522,,1427792,2373716,299435
179,2000-04-01,,,,,,50.9802631579,,39.6842263158,39.6842263158,,,,10.6386210526,14.0615894737,,,,,,,,,15.4506736842,,1255183,2173674,286169
180,2000-05-01,,,,,,53.52095,,40.6617681818,40.6617681818,,,,10.1508136364,11.9577409091,,,,,,,,,14.2201772727,,1466113,2364216,318323
181,2000-06-01,,,,,,56.7926136364,,40.8929636364,40.8929636364,,,,10.2928272727,13.0399909091,,,,,,,,,15.7464681818,,1429526,2276041,309732
182,2000-07-01,,,,,,53.746875,,39.123855,39.123855,,,,11.829205,14.26698,,,,,,,,,16.963295,,1381452,2261085,319364
183,2000-08-01,,,,,,55.0054565217,,41.0625347826,41.0625347826,,,,11.1949217391,14.2104304348,,,,,,,,,16.0265130435,,1482271,2354665,342138
184,2000-09-01,,,,,,54.7565,,43.097925,43.097925,,,,10.9842,14.26809,,,,,,,,,15.777435,,1369123,2232374,308724
185,2000-10-01,,,,,,53.3355,,44.7047045455,44.7047045455,,,,9.82852727273,12.2983818182,,,,,,,,,12.7834681818,,1436269,2288980,326285
186,2000-11-01,,,,,,50.2229047619,,45.2921666667,45.2921666667,,,,9.87386190476,12.4608095238,,,,,,,,,12.8215238095,,1437190,2292897,333842
187,2000-12-01,,,,,,47.63145,,43.515925,43.515925,,,,9.02353,10.644635,,,,,,,,,11.869595,,1323183,2452291,369685
188,2001-01-01,,,,,,49.9247619048,,41.0733809524,41.0733809524,,,,9.65581428571,10.483152381,,,,,,,,,12.4776,,1349086,2318470,350080
189,2001-02-01,,,,,,50.84,,41.9347368421,41.9347368421,,,3.33012,10.0091052632,10.2290736842,,,,,,,,,11.6476315789,,1241098,2109095,314984
190,2001-03-01,,,,,,49.8495454545,,40.8095454545,40.8095454545,,,2.70215,10.6400818182,11.3307863636,,,,,,,,,9.26431818182,,1424121,2375984,368087
191,2001-04-01,,,,,,51.7595,,42.1195,42.1195,,,2.69632,10.676435,12.48701,,,,,,,,,9.002625,,1299273,2215900,354768
192,2001-05-01,,,,,,52.8840909091,,44.1945454545,44.1945454545,,,3.39048181818,11.8507409091,13.5437318182,,,,,,,,,10.3669318182,,1467755,2398071,392673
193,2001-06-01,,,,,,52.6728571429,,44.4580952381,44.4580952381,,,3.47874285714,12.5160285714,14.4239857143,,,,,,,,,10.2869047619,,1362574,2300162,375848
194,2001-07-01,,,,,,48.1542857143,,42.7752380952,42.7752380952,,,3.2761,13.0015904762,13.2859190476,,,,,,,,,9.69452380952,,1342120,2308345,389128
195,2001-08-01,,,,,,51.1691304348,,40.9956521739,40.9956521739,,,3.11470434783,12.8079,13.1416391304,,,,,,,,,9.78391304348,,1375128,2358974,407866
196,2001-09-01,,,,,,47.884,,38.7913333333,38.7913333333,,,2.30014,10.6352533333,10.3145666667,,,,,,,,,7.46416666667,,1213582,2152748,365011
197,2001-10-01,,,,,,49.3773913043,44.4640625,40.7691304348,40.7691304348,,,2.4476173913,11.0445173913,10.1693826087,,,,,,,,,7.65913043478,,1380755,2376378,411276
198,2001-11-01,,,,,,46.1780952381,43.2566666667,38.5852380952,38.5852380952,,,2.66946666667,11.3981285714,10.8757857143,,,,,,,,,8.66178571429,,1324354,2289326,394701
199,2001-12-01,,,,,,44.8515,43.56425,38.1485,38.1485,,,3.14493,12.29711,11.784215,,,,,,,,,9.9615,,1287280,2448889,443057
200,2002-01-01,,,,,,45.3395238095,43.9011904762,38.9880952381,38.9880952381,,,3.25073809524,12.3649238095,12.6551238095,,,,,,,,,10.9327380952,,1266391,2329701,421879
201,2002-02-01,,,,,,47.7578947368,41.5215789474,39.2736842105,39.2736842105,,,3.03907894737,11.9572315789,13.1775105263,,,,,,,,,10.4723684211,,1163352,2093195,370774
202,2002-03-01,,,,,,51.994,44.45175,43.303,43.303,,,3.2883,13.661775,14.686815,,,,,,,,,11.654625,,1243249,2282447,420559
203,2002-04-01,,,,,,51.4718181818,43.5315909091,42.0686363636,42.0686363636,,,3.17909090909,14.8568590909,15.6644909091,,,,,,,,,11.7340909091,,1304531,2274845,430373
204,2002-05-01,,,,,,51.2986363636,44.2463636364,39.9940909091,39.9940909091,,,3.07889090909,14.9656909091,15.1080727273,,,,,,,,,10.7975,,1355640,2397041,490281
0,2002-06-01,16528.65,929.68,4.34,3.8,0.52,48.789,43.52925,39.5675,39.5675,,,2.456625,13.57644,13.41908,,,,,,,,,9.848875,,1280501,2182239,443882
1,2002-07-01,18293.72,974.3,4.56,3.69,0.57,45.9113636364,39.5443181818,36.3563636364,36.3563636364,,,2.26925,12.2390681818,13.2960909091,,,,,,,,,8.56931818182,,1396257,2372359,502213
2,2002-08-01,19271.41,1080.88,4.85,3.85,0.58,47.075,37.6738636364,35.6136363636,35.6136363636,,,2.22383181818,11.38965,12.5833181818,,,,,,,,,7.64704545455,,1364556,2361050,500692
3,2002-09-01,21818.04,1146.97,4.93,4.07,0.65,42.174,36.0725,33.4315,33.4315,,,2.24243,10.48245,12.14351,,,,,,,,,7.065,,1250660,2175618,452675
4,2002-10-01,22235.56,1107.49,5.01,3.79,0.71,40.0239130435,36.0234782609,34.3747826087,34.3747826087,,,2.18297826087,9.85827826087,12.4504347826,,,,,,,,,6.77543478261,,1441192,2386913,497473
5,2002-11-01,18604.79,1107.59,5.33,3.88,0.74,38.553,33.78075,34.6085,34.6085,,,2.298215,10.496635,11.99666,,,,,,,,,7.07225,,1339654,2302422,467856
6,2002-12-01,20716.64,1094.43,5.65,3.93,0.77,39.7666666667,33.6445238095,35.1071428571,35.1071428571,,,2.45842857143,10.8120428571,12.5198428571,,,,,,,,,7.31880952381,,1384255,2564996,592032
7,2003-01-01,23259.97,1123.1,6.02,4.37,0.84,38.939047619,33.3645238095,34.4266666667,34.4266666667,,43.9342857143,7.33595238095,20.3054,11.7488809524,,,,,,,,,6.98928571429,,1340206,2393649,534655
8,2003-02-01,24393.7,1159.78,6.4,4.89,0.91,38.5542105263,32.1265789474,33.7852631579,33.7852631579,,40.6815789474,6.75684210526,17.1351157895,10.6501842105,,,,,,,,,6.06802631579,,1285671,2198401,490812
9,2003-03-01,21713.91,1146.46,6.66,5.26,0.86,39.0804761905,32.4807142857,35.0495238095,35.0495238095,,41.0885714286,6.86738095238,16.8250857143,10.8474666667,,,,,,,,,6.1969047619,,1419415,2382326,540157
10,2003-04-01,20464.72,1114.78,6.44,4.79,0.77,38.8080952381,32.0919047619,35.0314285714,35.0314285714,,42.8185714286,7.63119047619,18.9890142857,11.6123714286,,,,,,,,,6.97666666667,,1417276,2380815,562308
11,2003-05-01,17751.96,1106.87,5.93,4.65,0.72,40.6433333333,33.865,35.6680952381,35.6680952381,,45.1724761905,8.8269047619,20.8360809524,12.7811190476,,,,,,,,,7.51761904762,,1530601,2483010,589285
12,2003-06-01,16588.05,1123.9,6.15,4.91,0.67,43.2642857143,36.9288095238,37.2076190476,37.2076190476,,47.8471428571,9.14,21.3869095238,13.8012666667,,,,,,,,,8.43285714286,,1454170,2314879,553652
13,2003-07-01,16269.67,1020.05,6.29,4.77,0.7,40.9440909091,36.1456818182,35.615,35.615,,44.9277272727,10.2181818182,22.2233454545,13.1721136364,,,,,,,,,8.87306818182,,1505534,2475260,605923
14,2003-08-01,16878.42,1081.46,6.52,5.14,0.72,42.1228571429,36.2052380952,36.59,36.59,,45.1617714286,11.1692857143,23.1039428571,12.4730142857,,,,,,,,,9.22214285714,,1388549,2372089,574630
15,2003-09-01,17756.65,1127.63,7.01,5.51,0.68,42.6333333333,36.3645238095,37.469047619,37.469047619,,45.0457142857,11.6661904762,24.550147619,12.5042809524,,,,,,,,,9.4505952381,,1340344,2354807,560255
16,2003-10-01,16557.43,1164.08,8.11,6.58,0.68,43.2456521739,36.8076086957,37.9504347826,37.9504347826,,45.267826087,11.512173913,22.8102869565,12.1414391304,,,,,,,,,9.2075,,1498806,2475165,591717
17,2003-11-01,16825.9,1203.77,8.57,6.48,0.69,42.6157894737,37.1231578947,35.8578947368,35.8578947368,,44.3752631579,12.6697368421,24.0226842105,11.9161315789,,,,,,,,,10.1464473684,,1396847,2325125,560548
18,2003-12-01,18521.7,1259.62,8.28,6.45,0.71,46.3472727273,40.4313636364,38.525,38.525,,48.7227272727,13.2995454545,24.2924909091,11.7087954545,,,,,,,,,9.79045454545,,1514747,2721835,675007
19,2004-01-01,17754.26,1256.36,8.32,6.28,0.66,48.955,43.10875,40.957,40.957,,48.461,15.711,26.70489,13.57433,,,,,,,,,10.62875,,1333408,2463103,610066
20,2004-02-01,17249.19,1353.75,8.14,6.48,0.65,48.1405263158,43.4063157895,41.5752631579,41.5752631579,,47.14,17.2239473684,27.6816894737,14.7575526316,,,,,,,,,10.7823684211,,1300619,2277310,561037
21,2004-03-01,16550.16,1412.85,7.95,6.74,0.72,49.5717391304,44.062173913,41.692173913,41.692173913,,47.5930434783,18.5182608696,27.7212521739,15.9885391304,,,,,,,,,10.8717391304,,1512010,2582168,645626
22,2004-04-01,16228.51,1507.81,7.85,7.11,0.78,53.1033333333,45.3414285714,42.84,42.84,,48.3404761905,18.9604761905,28.6330857143,15.9607857143,,,,,,,,,11.46,,1420813,2446412,636693
23,2004-05-01,16274.43,1489.19,8.07,7.15,0.76,52.855,45.66625,43.119,43.119,,50.053,17.0955,26.976615,14.47,,,,,,,,,10.446125,,1477920,2484446,634199
24,2004-06-01,15994.64,1403.15,7.36,7.15,0.86,53.5919047619,46.1169047619,44.2904761905,44.2904761905,,51.9388235294,15.7698904762,25.6585714286,14.7795761905,,,,,,,,,10.9283333333,,1511254,2521258,630205
25,2004-07-01,17973.57,1197.73,6.54,6.8,0.94,54.5880952381,47.0978571429,45.4461904762,45.4461904762,,51.388125,15.1447714286,24.1083619048,14.6761809524,,,,,,,,,11.2330952381,,1505472,2592114,639443
26,2004-08-01,19688.74,1185.89,6.09,6.51,0.9,54.1981818182,47.5075,45.3336363636,45.3336363636,,50.7605555556,14.9283681818,24.6968454545,14.2893818182,,,,,,,,,11.7213636364,,1477540,2516394,616019
27,2004-09-01,17705.61,1123.13,6.51,6.61,1.0,55.9980952381,51.6407142857,47.7614285714,47.7614285714,,52.189375,15.5952761905,24.8692666667,14.7725190476,,,,,,,,,12.3566666667,,1447918,2496194,594266
28,2004-10-01,16952.6,1066.76,6.0,6.69,1.02,58.7247619048,53.7752380952,49.0728571429,49.0728571429,,53.1396421053,18.8570714286,26.1451190476,14.8219,,,,,,,,,13.5480952381,,1506029,2541992,580474
29,2004-11-01,18967.68,1067.55,5.61,6.51,0.99,59.7685714286,53.7066666667,50.1723809524,50.1723809524,,56.7957142857,22.2561904762,29.4061904762,15.2419047619,,,,,,,,,14.5395238095,,1534425,2596189,591305
30,2004-12-01,18747.46,1071.33,5.45,6.16,0.99,59.0204545455,52.6113636364,50.6827272727,50.6827272727,,58.7386363636,24.8881818182,33.401,17.0586363636,,,,,,,,,14.9254545455,,1562894,2899271,677183
31,2005-01-01,17447.26,1080.46,5.77,6.1,1.0,57.9895,52.2945,50.6885,50.6885,,59.0365,25.2525,34.7468,17.48665,,,,,,,,,14.584,,1408853,2556752,583748
32,2005-02-01,19157.86,1051.34,5.81,6.42,1.04,62.3747368421,58.2652631579,57.4378947368,57.4378947368,,63.4736842105,28.2134210526,37.4862473684,18.9126315789,,,,,,,,,15.7384210526,,1363415,2407047,546221
33,2005-03-01,19662.63,1114.05,6.27,6.72,0.99,64.0459090909,59.4990909091,61.0868181818,61.0868181818,,65.0495454545,27.2754545455,37.5245454545,18.7890909091,,,,,,,,,15.1963636364,,1528038,2748068,637507
34,2005-04-01,17621.22,1070.97,6.33,6.7,0.95,61.6323809524,54.5280952381,59.0566666667,59.0566666667,,63.257,25.425952381,34.8121428571,17.3995238095,5.56857142857,,7.2380952381,19.9417647059,,8.01666666667,,,14.0057142857,38.62,1565928,2614552,578138
35,2005-05-01,16557.59,1045.04,6.13,6.8,0.93,60.4523809524,52.6671428571,55.8242857143,55.8242857143,,61.4361904762,26.9938095238,35.9471428571,17.4952380952,5.97,,7.57380952381,18.1525,,6.94444444444,,,14.5642857143,40.6552380952,1578987,2684219,612812
36,2005-06-01,16654.56,1056.02,5.84,7.17,0.98,62.78,56.58,58.59,58.59,,64.2190909091,29.3013727273,39.4918181818,19.0971363636,6.20545454545,,7.80818181818,15.56,,6.73909090909,,,15.2472727273,44.0727272727,1574637,2686610,599992
37,2005-07-01,15912.47,1129.03,5.88,8.25,1.03,65.65,57.557,59.203,59.203,61.1275,65.6365,23.6745,42.674,20.8905,6.2845,,8.2555,14.9095,,8.441,,,16.3205,46.844,1542265,2647255,583352
38,2005-08-01,15848.22,1054.67,5.78,7.85,1.06,68.187826087,60.5152173913,59.1708695652,59.1708695652,64.4947826087,67.0634782609,11.1104347826,44.7843478261,22.783173913,6.70956521739,,8.72826086957,13.3634782609,,9.23571428571,,,16.2739130435,49.1695652174,1622195,2789623,620733
39,2005-09-01,16205.89,1044.98,5.92,8.34,1.16,70.5728571429,63.4857142857,63.219047619,63.219047619,65.4314285714,68.3414285714,12.2404761905,49.3572857143,23.7485714286,6.709,,8.549,12.4475,,,,,17.2438095238,52.026,1545774,2724186,592620
40,2005-10-01,15761.36,1100.39,6.31,8.46,1.26,66.0685714286,59.310952381,57.8571428571,57.8571428571,61.3771428571,64.4028571429,12.2052380952,48.0680952381,22.2276190476,6.13476190476,,8.86571428571,11.770952381,,8.75,,,17.4752380952,51.0033333333,1555785,2702997,577097
41,2005-11-01,15242.64,1023.84,6.06,7.85,1.26,66.3785714286,57.6966666667,57.8666666667,57.8666666667,61.6719047619,64.9771428571,13.75,52.6934666667,22.9766666667,6.07047619048,,8.87095238095,10.5852380952,,10.0904761905,,,19.2995238095,55.7657142857,1641712,2780040,594296
42,2005-12-01,16067.94,1091.45,6.01,8.21,1.48,66.2057142857,58.1052380952,58.1833333333,58.1833333333,62.3971428571,65.42,15.0161904762,57.2778809524,23.3647619048,5.9735,,9.242,11.4535,,9.18947368421,,,20.2347619048,58.675,1648085,3048591,675411
43,2006-01-01,16621.46,1082.98,6.22,9.06,1.71,69.384,60.302,60.451,60.451,65.3335,68.742,16.43575,60.72928,25.709985,6.1465,,9.6115,12.364,,9.25454545455,,,20.83575,60.3135,1553080,2786237,611252
44,2006-02-01,16207.7,1120.64,6.37,9.89,1.89,68.0589473684,57.2615789474,60.4115789474,60.4115789474,62.8331578947,65.8,16.94,59.5848,26.7015789474,5.72388888889,28.67,9.21111111111,12.51,,9.201,,,20.3425,43.64,1492448,2588519,568795
45,2006-03-01,16618.92,1128.22,6.31,10.22,1.84,68.1791304348,56.7034782609,60.6226086957,60.6226086957,61.6608695652,64.382173913,17.265,60.6397173913,29.4552173913,5.78363636364,31.4047826087,9.09818181818,12.1868421053,,9.30476190476,,,19.4269565217,29.4404545455,1742935,2942940,646261
46,2006-04-01,17151.87,1191.31,6.32,10.89,1.93,73.0810526316,59.83,62.6889473684,62.6889473684,66.7426315789,70.0694736842,17.3289473684,64.3764368421,29.9994736842,5.88111111111,31.0184210526,8.98944444444,11.4214285714,,8.38388888889,,,20.6942105263,30.6794444444,1547029,2739919,595710
47,2006-05-01,17667.32,1225.29,6.14,12.39,1.87,73.0836363636,60.5104545455,62.1072727273,62.1072727273,67.3045454545,70.4022727273,18.4202272727,62.6533409091,30.5622727273,5.52428571429,34.9972727273,8.59285714286,10.9126315789,,9.25588235294,,,20.8127272727,32.0728571429,1780475,2992590,648517
48,2006-06-01,18288.7,1247.7,6.43,14.1,1.79,67.7668181818,59.0104545455,59.2377272727,59.2377272727,63.9913636364,66.7490909091,15.7127272727,52.1575909091,26.7722727273,5.24863636364,30.4913636364,8.09954545455,10.6614285714,,10.3431818182,,,18.0813636364,29.0663636364,1727552,2889550,618616
49,2006-07-01,18381.53,1255.02,6.23,12.54,1.74,70.449,65.3255,64.5665,64.5665,68.1435,71.0735,17.098,47.385385,28.5215,5.4715,31.215,8.6605,11.4045,,13.6052631579,,,18.991,32.9105,1634801,2887460,620137
50,2006-08-01,17535.83,1252.56,6.51,10.91,1.41,69.7534782609,66.3882608696,69.1117391304,69.1117391304,70.6934782609,73.392173913,18.422826087,27.4904173913,30.4017391304,5.44391304348,31.6491304348,9.05043478261,12.5765217391,,14.1363636364,,,19.1356521739,36.0456521739,1736223,3007416,658280
51,2006-09-01,17215.26,1321.75,6.46,9.21,1.35,65.8625,63.23,66.07,66.07,66.1395,68.352,19.05675,28.36,31.971,5.755,34.19,9.328,12.463,,13.7,,,20.2145,37.1495,1621699,2889928,601185
52,2006-10-01,16668.23,1548.67,6.21,9.2,1.25,66.4181818182,65.0695454545,68.82,68.82,66.4804545455,68.6059090909,20.8427272727,30.3393909091,32.9045454545,6.06136363636,35.9763636364,9.88590909091,13.4281818182,,14.3659090909,,,23.2695454545,37.8772727273,1703008,2935522,613089
53,2006-11-01,17257.75,1789.31,6.26,8.21,1.28,67.4052380952,69.5161904762,73.4766666667,73.4766666667,70.3152380952,72.1757142857,21.7814285714,30.3624142857,34.136047619,6.16,38.5095238095,10.9947368421,14.1842105263,,15.3947368421,,,24.940952381,39.2815789474,1722664,2981584,602711
54,2006-12-01,18462.12,1742.57,6.45,8.6,1.27,67.6555,73.797,76.619,76.619,70.72,71.4335,22.248,31.57994,38.11885,6.90777777778,38.7195,12.5,15.0094444444,,15.5555555556,,,27.413,43.9883333333,1664601,3261548,628784
55,2007-01-01,18640.98,1808.32,6.47,10.48,1.19,63.85,71.159,73.0065,73.0065,67.922,67.786,22.0895,32.887845,39.17615,7.324,39.93,13.658,15.479,,15.5,,,28.333,46.8495,1639067,3055098,570555
56,2007-02-01,19922.29,1950.82,6.37,11.55,1.16,62.8368421053,71.8521052632,74.8610526316,74.8610526316,67.0078947368,66.7678947368,23.3178947368,34.8203263158,41.9752631579,7.45055555556,42.6594736842,13.8366666667,15.4183333333,,15.6666666667,,,29.0926315789,47.5,1538740,2819512,513364
57,2007-03-01,21378.77,1883.45,6.49,11.47,1.15,61.5322727273,70.2113636364,72.4180454545,72.4180454545,65.0818181818,64.8218181818,22.6004545455,31.9741272727,36.5963636364,7.40857142857,41.6813636364,13.0057142857,14.8404761905,,16.3571428571,,,28.34,45.2761904762,1804371,3237562,589328
58,2007-04-01,22337.25,1675.42,6.28,11.72,1.05,67.2815,77.0245,78.1615,78.1615,68.596,69.3595,25.5945,32.5505,37.033,8.06526315789,43.8845,14.2084210526,15.2926315789,,17.7105263158,,,30.129,46.6378947368,1608896,2994738,531854
59,2007-05-01,21757.77,1692.47,6.01,11.75,0.98,67.635,80.5481818182,81.7627272727,81.7627272727,72.3590909091,73.7986363636,28.3481818182,33.605,38.3493954545,8.39095238095,48.7536363636,16.6328571429,15.5547619048,,18.5,,,29.0645454545,42.3423809524,1832838,3281345,589530
60,2007-06-01,21811.24,1782.35,6.55,11.14,1.0,68.8671428571,82.35,83.67,83.67,77.8280952381,79.65,31.0252380952,37.3576190476,39.4695238095,8.5180952381,48.8314285714,17.1995238095,18.3371428571,,18.36256895,,,27.5480952381,42.1728571429,1768153,3196166,559551
61,2007-07-01,23264.74,1590.83,7.33,10.3,1.07,73.0642857143,89.5642857143,88.5323809524,88.5323809524,82.4514285714,84.3042857143,31.6342857143,34.1637047619,38.4633333333,8.30571428571,51.1980952381,16.0076190476,19.1319047619,,17.565,,,27.5423809524,40.5057142857,1730703,3181122,559520
62,2007-08-01,21009.79,1668.0,7.36,10.69,1.06,66.0634782609,84.1643478261,84.1773913043,84.1773913043,74.8417391304,75.1752173913,29.0606521739,30.1069565217,34.7908695652,7.71217391304,47.877826087,15.5039130435,18.3991304348,,19.2111111111,,,24.8426086957,37.7947826087,1787634,3281169,579877
63,2007-09-01,21448.01,1765.81,7.53,10.91,1.09,69.3015842105,91.1821052632,89.6610526316,89.6610526316,81.8057894737,81.9194736842,31.0068421053,28.8124210526,34.4373684211,7.41315789474,50.5226315789,15.6352631579,18.6215789474,,16.5644444444,,,25.6026315789,39.9647368421,1640223,3055397,507055
64,2007-10-01,20743.88,1775.93,7.46,11.58,1.08,73.6917391304,91.602173913,92.56,92.56,83.4956521739,83.1795652174,32.9973913043,30.2213521739,37.8873913043,7.49826086957,55.152173913,15.452173913,19.5547826087,,16.1452173913,,,25.1947826087,44.7930434783,1851225,3353436,548591
65,2007-11-01,21417.58,1862.29,7.59,12.37,1.08,73.7780952381,86.8023809524,87.1547619048,87.1547619048,82.219047619,81.56,29.6988095238,25.9428571429,32.1695238095,7.05368421053,48.1714285714,14.7773684211,18.9842105263,,16.0,,,23.3742857143,39.7857894737,1803727,3247563,523570
66,2007-12-01,23002.31,1955.85,7.55,12.26,1.13,73.913,91.7275,91.8545,91.8545,82.174,81.208,30.96475,25.856,35.0135,7.31052631579,46.4195,15.9015789474,18.7142105263,,16.4,,,24.349,40.3115789474,1731058,3538866,572996
67,2008-01-01,24180.74,2253.25,7.99,13.08,1.27,67.6771428571,87.21,87.9671428571,87.9671428571,78.0233333333,76.6380952381,28.7564285714,23.8176190476,36.12,6.44904761905,43.0966666667,15.0523809524,17.7980952381,,20.0,,,22.1861904762,37.2423809524,1749165,3308070,529725
68,2008-02-01,27162.13,2368.1,8.08,13.74,1.47,65.3545,83.522,85.8275,85.8275,70.6575,69.2415,30.4615,25.91667,40.812,6.54578947368,45.697,15.2115789474,17.8868421053,,,,,22.345,40.0510526316,1721626,3184817,496462
69,2008-03-01,28425.56,2510.66,8.61,13.68,1.38,62.948,85.548,85.69,85.69,68.784,67.229,29.993,25.234615,40.5405,6.80777777778,44.341,15.3527777778,17.7644444444,,19.475,,,22.65,41.3027777778,1746419,3364264,520297
70,2008-04-01,27654.93,2592.57,7.93,13.61,1.32,66.4772727273,91.0081818182,91.1327272727,91.1327272727,74.7309090909,73.6540909091,31.7572727273,25.9320454545,43.7968181818,7.49,43.945,17.0095454545,17.8063636364,,19.7633333333,,,24.8045454545,44.9345454545,1887882,3350704,522267
71,2008-05-01,28106.14,2540.54,7.73,14.51,1.14,73.3171428571,98.7380952381,90.6357142857,90.6357142857,82.840952381,81.9547619048,28.7895238095,28.3248333333,45.399047619,7.4785,37.1419047619,16.519,17.2621052632,,18.9666666667,,,26.0695238095,44.4295,1981903,3543391,543718
72,2008-06-01,31212.39,2965.62,7.96,15.19,1.25,68.8057142857,98.7438095238,87.3719047619,87.3719047619,80.7576190476,79.0395238095,27.4504761905,24.8695238095,43.610952381,7.45857142857,33.3647619048,16.4842857143,15.8914285714,,17.9351645556,,,24.5419047619,42.5642857143,1889811,3321729,517222
73,2008-07-01,30173.27,2726.93,7.9,14.91,1.35,63.3809090909,89.4263636364,83.5809090909,83.5809090909,75.0340909091,74.0195454545,25.2659090909,21.6725909091,44.5254545455,6.69954545455,29.2295454545,16.0431818182,15.1663636364,,15.705,,,22.8913636364,40.2913636364,1980931,3532825,545791
74,2008-08-01,28270.39,2377.03,7.89,13.52,1.38,58.8952380952,85.1952380952,78.6261904762,78.6261904762,68.8714285714,67.7,25.2826190476,20.134047619,46.8423809524,5.77285714286,28.3771428571,16.8314285714,13.419047619,,,,,24.1561904762,39.399047619,1889637,3431639,518150
75,2008-09-01,28440.46,2489.67,7.83,13.9,1.49,53.280952381,82.9547619048,76.9238095238,76.9238095238,61.8357142857,60.2,23.5728571429,18.2168571429,42.3280952381,5.26,27.1414285714,16.999,13.243,,17.1,,,22.4152380952,37.92,1805940,3384928,470436
76,2008-10-01,28436.16,2311.04,7.87,11.12,1.48,45.5865217391,69.1504347826,71.9743478261,71.9743478261,51.2439130435,50.1160869565,16.737826087,8.45343478261,28.3030434783,3.62,19.2508695652,14.9995652174,7.40857142857,,16.96,,,16.9313043478,32.197826087,1962356,3534637,461044
77,2008-11-01,26809.43,2152.4,7.21,10.1,1.55,46.2005263158,73.3331578947,74.7089473684,74.7089473684,51.0842105263,50.8031578947,15.34,5.71684210526,27.2173684211,2.61555555556,19.0710526316,15.7688888889,3.71294117647,,16.3,,,15.3147368421,33.8116666667,1797181,3335025,409731
78,2008-12-01,32483.31,2122.92,7.45,7.61,1.52,45.8272727273,74.2913636364,78.075,78.075,51.7354545455,50.2963636364,15.62,8.28711818182,29.0540909091,2.90523809524,21.3281818182,14.849047619,3.97333333333,,,,,15.2013636364,36.1757142857,1786564,3817677,463634
79,2009-01-01,36209.19,2404.43,8.01,9.47,1.7,44.5725,72.2505,78.2435,78.2435,51.393,49.752,14.94375,8.8875,29.2995,2.8065,19.965625,13.2455,4.1765,,,,,14.973,32.9175,1677830,3478602,405671
80,2009-02-01,38833.93,2381.15,8.06,9.81,1.94,41.9626315789,68.3010526316,74.2894736842,74.2894736842,48.69,47.4094736842,14.0923684211,6.96686315789,25.6284210526,2.24277777778,18.1605263158,11.3888888889,2.72,,,,,12.9357894737,29.4077777778,1579189,3203280,368458
81,2009-03-01,36662.74,2418.53,7.57,9.38,1.9,38.4659090909,63.8436363636,67.3154545455,67.3154545455,44.0927272727,43.1254545455,13.5922727273,5.28799545455,23.7181818182,1.97142857143,16.7095454545,12.3561904762,2.56476190476,,,,,12.6986363636,32.709047619,1754614,3508722,416525
82,2009-04-01,34155.02,2267.24,7.63,9.88,1.81,40.6061904762,67.0466666667,67.7319047619,67.7319047619,44.190952381,43.5104761905,15.4066666667,7.37619047619,28.2366666667,2.516,20.2419047619,14.9405,,,16.0,,,15.8295238095,37.496,1693795,3448371,397887
83,2009-05-01,33623.86,2373.26,8.15,10.05,2.04,46.9647,66.6755,69.272,69.272,49.9515,50.296,18.48825,9.13709,31.4695,2.98526315789,21.204,16.7784210526,,,8.0,,,17.235,39.2621052632,1722639,3398384,411060
84,2009-06-01,36028.71,2386.65,8.19,10.07,2.21,49.5654545455,68.6459090909,71.5763636364,71.5763636364,52.5445454545,53.6122727273,18.6856818182,9.57881818182,32.3913636364,3.70954545455,22.9,17.5340909091,,,,,,17.1554545455,39.1159090909,1791628,3570822,417529
85,2009-07-01,37496.39,2028.33,8.66,10.57,2.38,48.3172727273,65.4859090909,69.04,69.04,50.0654545455,50.1509090909,20.3575,8.52954545455,33.6440909091,4.43681818182,26.5690909091,17.4586363636,,,,,,17.4013636364,40.9218181818,1825999,3670838,416740
86,2009-08-01,38460.33,1977.35,8.36,12.08,2.83,51.15,69.36,69.3757142857,69.3757142857,53.4257142857,52.6528571429,22.8733333333,11.2162095238,38.3847619048,5.4,28.0076190476,18.5542857143,,,,,,18.0152380952,46.7471428571,1714524,3537680,403009
87,2009-09-01,42277.59,2021.18,8.6,13.22,3.15,53.8533333333,70.81,69.4652380952,69.4652380952,57.6161904762,56.2171428571,22.375,12.4911380952,36.3595238095,6.177,28.3914285714,18.6505,,,14.5,,,17.980952381,47.943,1692260,3446641,384131
88,2009-10-01,44603.54,2211.6,8.84,14.11,3.06,54.48,74.3804545455,71.4063636364,71.4063636364,59.6927272727,58.27,23.1218181818,12.135,44.5963636364,7.25409090909,28.0663636364,19.2590909091,,,14.3725,,,19.2609090909,47.7118181818,1815849,3645334,393876
89,2009-11-01,44300.88,2249.7,9.41,15.3,2.99,58.435,77.9165,73.7425,73.7425,61.369,59.7405,23.7865,10.84456,43.998,7.46666666667,27.395,20.5333333333,,,13.0,,,20.789,51.3555555556,1729279,3431182,369612
90,2009-12-01,45246.44,2117.01,9.88,16.4,3.2,57.4295454545,77.5577272727,70.8368181818,70.8368181818,59.9945454545,57.8913636364,23.8063636364,11.1077454545,47.8613636364,8.24772727273,30.6640909091,22.3840909091,,,12.9865,,,20.9340909091,57.1345454545,1806349,3948684,438216
91,2010-01-01,45089.41,2140.6,9.91,17.9,2.8,59.81,77.5473684211,68.0747368421,68.0747368421,60.0368421053,57.9084210526,23.3173684211,10.9810526316,44.8036842105,8.58789473684,33.2631578947,22.0052631579,9.17,,13.0882352941,,,20.2989473684,60.0942105263,1626625,3445257,363786
92,2010-02-01,42406.6,2091.88,10.36,18.36,2.84,54.2136842105,72.3142105263,65.4526315789,65.4526315789,55.2594736842,53.2410526316,22.3618421053,9.16,41.7947368421,8.61166666667,33.0189473684,22.7133333333,7.57666666667,,13.9818181818,,,19.1652631579,59.6816666667,1563610,3286999,340666
93,2010-03-01,38884.84,2001.22,10.8,19.06,2.28,56.5156521739,74.2156521739,66.6060869565,66.6060869565,57.6469565217,55.3369565217,24.0954347826,9.92956521739,46.2595652174,9.11727272727,36.4439130435,25.8709090909,8.80272727273,,15.1022727273,,,20.2565217391,62.7981818182,1912393,3805785,386344
94,2010-04-01,39413.39,1929.05,10.78,21.91,2.07,58.4604761905,80.3166666667,68.4252380952,68.4252380952,60.9276190476,58.7161904762,25.5916666667,10.6434,47.7214285714,9.7,36.0233333333,26.5645,9.7005,,15.6769230769,,,21.0933333333,48.112,1760676,3523627,357582
95,2010-05-01,40313.28,2085.49,11.47,21.25,1.92,46.6776,76.976375,63.093,63.093,54.613,52.761,24.27225,10.47795,43.2795,9.1745,33.437,23.855,10.958,,15.9425,,,18.805,28.952,1836303,3680020,360761
96,2010-06-01,41093.87,1944.4,11.66,20.57,2.07,32.0194318182,72.6023863636,60.7129545455,60.7129545455,52.8813636364,50.8513636364,24.6836363636,10.2019090909,44.9645454545,9.24909090909,32.0087454545,23.805,10.36,,16.75,,,18.3413636364,29.3477272727,1875841,3646778,367334
97,2010-07-01,41387.28,2100.67,10.78,19.03,2.27,35.6638095238,72.3171428571,58.9661904762,58.9661904762,54.2671428571,52.0985714286,24.7552380952,9.22585714286,45.5866666667,9.76428571429,31.3614285714,24.180952381,10.0961904762,,12.15,,,18.5842857143,29.8666666667,1796226,3671243,358901
98,2010-08-01,39249.7,2243.78,11.54,19.22,2.38,37.8018181818,76.62,60.4427272727,60.4427272727,55.5640909091,53.7090909091,24.6175,8.33006363636,49.3140909091,9.50045454545,30.5863636364,23.0427272727,9.97227272727,,12.1863636364,,,19.1613636364,29.6709090909,1805486,3624378,369594
99,2010-09-01,36777.86,2633.19,13.4,20.5,2.9,38.3061904762,79.0014285714,61.2471428571,61.2471428571,58.1223809524,56.5304761905,25.329047619,8.14646666667,51.0438095238,9.56526315789,31.8885714286,23.1984210526,10.9815789474,,15.25,,,18.9433333333,30.4257894737,1712445,3490754,345006
100,2010-10-01,36412.0,2931.67,15.74,22.14,3.35,41.0352380952,83.7233333333,65.0533333333,65.0533333333,62.9238095238,61.4857142857,28.089047619,7.96364761905,52.98,9.84761904762,35.650952381,23.7857142857,11.8614285714,,17.8,,,21.7704761905,32.1633333333,1855315,3594423,359669
101,2010-11-01,35879.29,2937.1,19.17,24.08,3.26,42.1366666667,83.4228571429,69.6957142857,69.6957142857,65.0552380952,64.270952381,28.7761904762,8.89,55.4885714286,10.8463157895,37.170952381,24.6705263158,12.4873684211,,17.8,,,22.9676190476,34.3157894737,1860297,3593715,349768
102,2010-12-01,37751.76,3105.2,20.84,26.67,3.47,43.2763636364,88.165,72.3090909091,72.3090909091,64.9877272727,64.8731818182,28.4172727273,9.78202272727,56.1377272727,11.7631818182,39.5204545455,26.3040909091,14.9313636364,,15.97,,,25.2277272727,35.2322727273,1866579,3945614,392683
103,2011-01-01,38396.34,3218.91,21.71,30.38,3.61,47.129,92.762,77.3515,77.3515,68.1645,68.2405,29.109,10.0367,55.4165,13.14,40.459,25.9375,16.2125,,16.725,,,25.1495,34.6965,1711788,3475330,331796
104,2011-02-01,41918.63,3543.24,25.74,33.91,3.54,47.0652631579,98.3273684211,84.1484210526,84.1484210526,70.4652631579,70.4789473684,28.4497368421,9.09110526316,54.4994736842,14.3916666667,38.6894736842,24.3888888889,15.69875,,14.3513333333,,,24.1484210526,34.5766666667,1672468,3298947,317329
105,2011-03-01,40747.46,3487.04,27.58,29.52,3.11,46.0765217391,103.73,83.1634782609,83.1634782609,70.8156521739,70.5613043478,27.8354347826,8.43783478261,57.2526086957,14.925,40.5326086957,24.1627272727,15.5154545455,,12.85,,8.252,23.577826087,35.2504545455,1925437,3745193,357402
106,2011-04-01,36460.33,3732.1,25.37,31.09,2.8,45.952,107.463,85.337,85.337,74.2245,74.392,28.82675,8.47881,61.763,16.8647368421,41.07,25.3194736842,15.6442105263,,15.6692307692,,8.27947368421,23.4525,35.5973684211,1781691,3611205,348228
107,2011-05-01,35790.59,3595.29,19.29,27.05,2.55,44.3271428571,103.339047619,82.4271428571,82.4271428571,71.3466666667,71.9695238095,25.93,7.91885714286,62.0271428571,16.5657142857,41.2352380952,25.8971428571,15.2580952381,,13.3,,7.96619047619,23.33,34.7714285714,1891996,3649905,360758
108,2011-06-01,35589.12,3663.9,18.96,26.41,2.94,43.245,100.197727273,79.8890909091,79.8890909091,69.2354545455,69.7840909091,25.16,7.76640909091,63.0086363636,17.0059090909,40.6990909091,27.2404545455,14.1477272727,,13.0,,8.41454545455,23.2822727273,34.6877272727,1889744,3600066,379526
109,2011-07-01,36970.45,3511.24,17.42,25.05,3.44,44.854,106.054,82.7395,82.7395,72.602,73.1065,26.1035,7.522055,68.382,17.3335,40.52,27.2125,14.0425,,15.0,,9.165,22.668,33.341,1838959,3524660,360750
110,2011-08-01,37440.46,3790.59,13.94,25.92,3.53,40.1056521739,96.897826087,73.2082608696,73.2082608696,65.2213043478,65.5095652174,23.882173913,5.21617391304,67.2343478261,15.5452173913,38.5413043478,25.2660869565,13.64,,10.88,,7.71,20.4430434783,31.32,1942928,3700909,388783
111,2011-09-01,37627.74,3878.28,15.27,27.03,3.49,37.2242857143,95.5319047619,72.3995238095,72.3995238095,64.0652380952,64.7980952381,23.4180952381,4.23328571429,66.3142857143,14.6885,36.059047619,24.847,12.7653333333,,9.0,,7.3765,19.1952380952,31.659,1813271,3506768,366414
112,2011-10-01,36064.85,3697.67,14.88,24.79,3.54,40.280952381,100.527619048,77.3966666667,77.3966666667,68.05,69.2438095238,23.4028571429,3.31450952381,67.9833333333,15.21,34.390952381,27.420952381,12.023,,10.0,,7.60333333333,20.2671428571,33.1704761905,1895582,3562321,363061
113,2011-11-01,34475.65,3740.68,14.28,20.86,3.34,42.6385714286,101.673333333,77.7285714286,77.7285714286,68.9404761905,70.9866666667,24.5180952381,4.1739047619,65.4419047619,15.8289473684,34.0823809524,27.0384210526,14.3805555556,,13.2966666667,,8.46947368421,20.429047619,34.8747368421,1925112,3560688,379589
114,2011-12-01,30269.9,3554.92,13.13,21.12,3.22,42.3595238095,103.805238095,81.7619047619,81.7619047619,71.3085714286,73.7080952381,22.7376190476,4.83516666667,67.5314285714,15.797,34.2642857143,27.698,15.6935,,12.999,,8.6795,20.5561904762,37.184,1956441,3862056,423682
115,2012-01-01,30937.24,3657.76,13.55,22.05,3.22,44.3995,107.0625,85.959,85.959,71.798,74.4265,23.0135,5.82825,69.3185,16.5305,35.8125,28.9795,15.1455,,13.0833333333,,8.9695,20.9875,38.1605,1835636,3519032,387919
116,2012-02-01,30130.82,3573.64,12.88,23.22,2.99,46.8055,106.832,85.5735,85.5735,72.7605,73.7145,23.8005,7.7778,73.67,17.1973684211,37.856,29.5347368421,14.9136842105,,12.8333333333,,8.52315789474,20.415,40.0278947368,1790062,3360468,378068
117,2012-03-01,30071.13,3577.31,12.68,22.72,3.03,46.3340909091,108.773636364,86.125,86.125,71.4290909091,72.1286363636,23.9813636364,7.55545454545,76.1790909091,17.349047619,38.2604545455,29.5204761905,15.0023809524,,13.2722222222,,8.05952380952,20.9959090909,41.4366666667,2022103,3680646,439859
118,2012-04-01,29635.58,3584.99,13.09,22.8,2.94,42.951,103.845,85.0565,85.0565,68.9995,70.5445,24.511,6.7838,82.4795,18.7326315789,38.01,30.9568421053,15.8647368421,,14.0,,8.15210526316,20.7275,41.8247368421,1833579,3394542,426136
119,2012-05-01,28793.36,3662.6,12.06,23.04,2.76,39.0890909091,101.529090909,82.8063636364,82.8063636364,65.3536363636,67.5968181818,25.0427272727,5.85318181818,80.7668181818,18.3157142857,36.3440909091,30.2857142857,15.6142857143,,13.4523809524,,8.63666666667,20.4695454545,35.8366666667,2059229,3664455,492524
120,2012-06-01,31567.22,3722.99,11.45,20.21,2.8,38.5466666667,100.986190476,81.66,81.66,64.7176190476,67.1314285714,24.3735714286,5.40564285714,81.9947619048,18.7676190476,36.2123809524,30.5838095238,14.9495238095,,14.0,,8.4219047619,19.9276190476,35.2785714286,1984270,3527654,486124
121,2012-07-01,31410.2,4450.56,11.22,18.66,3.04,40.7047619048,106.948571429,85.4895238095,85.4895238095,68.3261904762,70.8533333333,26.4819047619,6.5027,87.720952381,21.519047619,38.9561904762,32.05,15.249047619,,14.2147619048,,8.75619047619,22.1142857143,36.4833333333,1942285,3469289,493074
122,2012-08-01,33114.66,4378.41,11.12,16.7,2.71,42.0273913043,112.022608696,87.7730434783,87.7730434783,70.3226086957,72.8456521739,25.892173913,7.28530434783,85.4391304348,21.8260869565,39.3247826087,31.1808695652,16.0539130435,,15.7634782609,,8.6552173913,23.2830434783,37.0713043478,1982248,3505272,532264
123,2012-09-01,33886.07,4147.63,10.88,17.82,2.61,42.5963157895,115.608968421,90.59,90.59,71.3026315789,73.4594736842,25.4671052632,7.89014736842,89.6521052632,22.5468421053,41.0189473684,30.7805263158,19.4505263158,,33.0863157895,,8.70947368421,23.6105263158,36.2042105263,1822735,3264005,499307
124,2012-10-01,31691.43,4137.51,10.54,18.7,2.62,42.2938095238,113.947414286,91.6861904762,91.6861904762,69.0585714286,70.9314285714,25.9166666667,8.59314285714,93.4904761905,23.81,45.0847619048,31.9928571429,21.3195238095,,36.3547619048,,8.73666666667,23.479047619,38.0304761905,2061252,3534140,539577
125,2012-11-01,32472.3,4213.27,10.6,17.68,2.53,41.4254761905,105.678109524,88.1723571429,88.1723571429,67.3980952381,69.5271428571,24.0143333333,8.55714285714,93.1661904762,26.0252631579,49.1514285714,30.8015789474,23.2952631579,,36.8936842105,,8.24842105263,22.9647619048,39.3726315789,1998719,3364140,523915
126,2012-12-01,31291.62,3972.48,10.73,18.15,2.47,41.5295,107.736,87.90632,87.90632,68.378,70.5545,23.2825,9.03532,99.412,28.1526315789,54.4875,32.2,23.8626315789,,40.7015789474,,8.45578947368,25.5185,42.2273684211,1927290,3593125,578595
127,2013-01-01,28906.58,3852.93,10.86,19.04,2.39,44.0961904762,113.298571429,89.87,89.87,70.0633333333,72.0471428571,24.550952381,10.1187,106.224761905,30.750952381,60.4504761905,33.2428571429,27.320952381,,42.0838095238,,8.71857142857,27.8833333333,41.5271428571,1896253,3311869,546499
128,2013-02-01,27952.52,3847.49,11.41,18.38,2.32,42.2615789474,115.609473684,88.9073684211,88.9073684211,66.8647368421,68.5194736842,23.2015789474,10.1796,111.300526316,29.2088888889,62.2952631579,32.9627777778,30.4822222222,,38.1238888889,,8.91,27.7884210526,41.1361111111,1782777,3051425,510884
129,2013-03-01,26964.01,3875.38,11.83,16.91,2.3,41.0195,119.1785,89.2645,89.2645,65.881,67.7055,20.221,11.462485,110.243,30.965,58.5135,35.8816666667,29.8055555556,,38.4194444444,,8.69944444444,26.5585,39.0572222222,1899257,3319431,575009
130,2013-04-01,28010.16,3421.07,11.3,15.87,2.16,41.6690909091,118.320454545,88.53,88.53,65.1768181818,66.8572727273,20.6877272727,11.3104681818,119.626818182,29.8831818182,60.43,40.0577272727,28.145,,38.3959090909,,9.12227272727,26.3786363636,39.0931818182,2004249,3253245,587525
131,2013-05-01,28858.57,3632.83,11.39,16.95,2.14,43.4127272727,123.892727273,91.0690909091,91.0690909091,68.1922727273,70.4990909091,20.7631818182,11.3123181818,112.839090909,28.6419047619,54.9886363636,37.7623809524,27.4952380952,,40.370952381,,7.92619047619,26.1436363636,36.81,2066302,3397307,636072
132,2013-06-01,29586.01,3848.7,12.06,16.51,2.2,42.59,120.3275,90.378,90.378,65.139,67.497,19.866,10.0816,100.235,29.2655,47.8655,36.568,26.772,,38.015,,7.533,23.8035,35.8205,1906161,3154685,597134
133,2013-07-01,29424.72,3555.27,11.81,14.82,2.18,42.3572727273,124.200454545,93.3731818182,93.3731818182,66.5522727273,69.2695454545,21.1331818182,10.6564090909,101.456818182,31.9754545455,50.5786363636,40.9890909091,26.8563636364,,35.5372727273,,6.39045454545,25.4795454545,35.8677272727,1962806,3343218,653993
134,2013-08-01,32033.14,3029.58,11.96,15.03,2.22,41.3854545455,121.210454545,88.9881818182,88.9881818182,64.3572727273,67.0518181818,20.4704545455,11.4615454545,99.45,35.6336363636,53.7559090909,42.1804545455,25.1754545455,,39.1945454545,,6.01863636364,27.1795454545,34.2172727273,1899612,3307739,660352
135,2013-09-01,34159.14,2708.27,11.76,15.62,2.3,42.1065,123.374,87.899,87.899,65.4005,68.46,20.0955,11.0371,100.4475,36.8084210526,52.05,41.2010526316,22.6752631579,,36.63,,7.24789473684,27.718,34.2036842105,1655013,3000187,585896
136,2013-10-01,35490.76,2621.87,11.61,14.94,2.44,43.1413043478,119.251347826,87.1734782609,87.1734782609,66.3713043478,69.5126086957,20.9308695652,10.4697478261,95.0652173913,35.3052173913,53.17,41.9395652174,22.0556521739,,35.9191304348,,7.19086956522,29.3456521739,33.7,1970743,3291476,667488
137,2013-11-01,36031.1,2604.28,11.07,14.77,2.32,46.822,121.054,93.521,93.521,66.898,69.9205,21.8775,10.17503,91.584,35.8684210526,50.5765,41.6789473684,22.7878947368,,35.5910526316,,6.29631578947,29.752,33.2021052632,1882209,3151421,639008
138,2013-12-01,36751.86,2569.8,11.38,15.1,2.15,46.8847619048,122.479047619,97.2433333333,97.2433333333,68.4271428571,71.7328571429,22.6923809524,11.0289571429,95.2338095238,37.781,52.8742857143,39.5595,23.6575,,36.4415,,6.5785,29.4985714286,34.584,1871186,3404152,693881
139,2014-01-01,37244.42,2625.08,12.02,13.94,2.08,48.1014285714,119.71952381,97.8852380952,97.8852380952,70.9928571429,74.6795238095,21.8214285714,11.8192047619,92.9304761905,36.9495238095,52.9466666667,36.2542857143,23.4885714286,,33.5471428571,,7.33571428571,29.8723809524,32.6542857143,1822758,3127709,669239
140,2014-02-01,39772.21,2781.75,12.5,12.93,2.24,48.7310526316,113.017894737,92.9515789474,92.9515789474,71.1694736842,75.8957894737,20.5626315789,12.4197894737,88.6042105263,34.1183333333,53.0010526316,34.8438888889,24.8088888889,,28.8272222222,,7.91277777778,28.8115789474,29.6111111111,1732061,2874784,621749
141,2014-03-01,40128.92,2933.21,12.79,13.65,2.36,47.8485714286,115.830952381,94.900952381,94.900952381,72.2261904762,76.9728571429,19.7404761905,12.1553428571,86.8385714286,32.043,54.5485714286,34.689,25.8955,,29.704,,7.575,31.5423809524,29.695,1882481,3144835,672861
142,2014-04-01,39886.07,2907.31,12.32,13.02,2.38,48.7023809524,121.29047619,99.0561904762,99.0561904762,74.6933333333,79.7633333333,20.0642857143,12.4746666667,92.3661904762,33.891,58.9523809524,36.226,26.946,,30.766,,7.7635,32.9928571429,32.2265,1859330,3100804,695751
143,2014-05-01,39171.51,2804.32,11.99,12.15,2.36,50.8533333333,124.186666667,101.685238095,101.685238095,79.2276190476,84.9780952381,20.0804761905,12.7423809524,96.7052380952,36.544,62.1471428571,36.621,27.188,,34.3225,,7.524,33.3776190476,32.9505,1986615,3226225,714852
144,2014-06-01,41234.94,2631.3,11.81,12.3,2.37,51.7247619048,127.755714286,101.879047619,101.879047619,80.5980952381,84.6266666667,19.9166666667,13.1419047619,95.55,37.0166666667,66.2147619048,38.5466666667,29.2766666667,,34.3885714286,1729.568,7.45476190476,34.310952381,34.76,1854101,2989984,665289
145,2014-07-01,41532.68,2368.09,10.9,11.9,2.43,51.4,131.178181818,102.780909091,102.780909091,82.1354545455,86.6645454545,22.9290909091,13.14,95.9031818182,37.0009090909,68.8863636364,40.6863636364,32.7427272727,,34.95,1661.894,7.29045454545,34.9968181818,34.1345454545,1966858,3160984,731965
146,2014-08-01,42973.3,2318.4,9.72,11.03,2.33,47.9980952381,127.386666667,99.1423809524,99.1423809524,80.4252380952,84.5233333333,23.6419047619,12.8123809524,95.3071428571,39.2471428571,69.4628571429,42.3595238095,32.8180952381,,36.7095238095,1624.59333333,7.44333333333,36.3866666667,34.4533333333,1852644,3083681,711030
147,2014-09-01,42626.25,2157.74,9.71,9.87,2.19,45.7338095238,124.075714286,96.7180952381,96.7180952381,78.1971428571,81.6895238095,25.6719047619,13.2438095238,94.9752380952,44.651,70.0766666667,39.794,32.652,,37.0465,1667.812,7.1365,35.3885714286,34.6445,1793305,3021818,697591
148,2014-10-01,41783.6,2200.61,9.48,9.9,2.22,42.1752173913,115.043043478,93.0926086957,93.0926086957,71.1152173913,74.182173913,24.1982608696,11.9930434783,91.2426086957,42.1030434783,67.8373913043,39.2834782609,32.7460869565,,35.0230434783,1468.42333333,6.93565217391,34.0669565217,31.862173913,1982490,3156558,717121
149,2014-11-01,39554.61,2429.36,9.18,10.09,2.16,41.5026315789,116.558421053,95.2242105263,95.2242105263,69.9210526316,73.23,23.7847368421,12.4273684211,96.7152631579,39.6677777778,69.5905263158,38.8494444444,33.5977777778,,32.2244444444,1469.67,6.98555555556,36.0231578947,30.3383333333,1859117,2933844,692247
150,2014-12-01,42704.87,2589.15,9.9,10.54,2.17,38.5772727273,109.564545455,91.7186363636,91.7186363636,66.505,68.8613636364,21.9109090909,10.7395454545,87.4986363636,33.9433333333,63.7377272727,38.6242857143,31.8219047619,,30.1414285714,1575.486,6.42571428571,34.32,29.9833333333,1950003,3342975,811401
151,2015-01-01,42822.94,2566.06,9.89,11.02,2.21,37.5765,106.69,90.5255,90.5255,64.209,66.3925,22.433,9.649,86.2725,30.346,66.053,39.764,32.545,,29.7655,1564.09333333,6.0535,33.0865,29.8985,1796693,3033384,734695
152,2015-02-01,44198.66,2591.99,10.42,12.24,2.17,41.2610526316,109.211578947,90.7736842105,90.7736842105,65.7142105263,68.5510526316,21.5742105263,9.83684210526,89.0052631579,29.2611111111,66.97,40.8988888889,31.5922222222,,32.9055555556,1606.1475,5.99111111111,33.7247368421,33.725,1699867,2782702,697290
153,2015-03-01,43822.38,2652.92,10.56,11.99,1.96,39.6013636364,104.587272727,85.1790909091,85.1790909091,60.7068181818,63.7672727273,20.3586363636,9.58454545455,92.0359090909,31.3695238095,64.4359090909,42.5252380952,31.0895238095,,33.4795238095,1658.92928571,5.76857142857,34.0772727273,37.6747619048,1864403,3063543,758647
154,2015-04-01,43651.44,2618.38,10.91,11.74,1.96,42.0595238095,108.763809524,86.4171428571,86.4171428571,61.8142857143,63.2761904762,21.6204761905,9.93857142857,94.849047619,32.521,68.2504761905,42.736,31.644,,33.45,1656.53,5.518,35.419047619,38.102,1908525,3009143,766920
155,2015-05-01,47258.8,2538.49,11.12,12.75,1.94,42.436,106.4285,87.075,87.075,62.332,63.2805,20.6855,9.9205,93.927,31.6263157895,72.6555,41.9215789474,32.2094736842,,30.2721052632,1673.79833333,4.52578947368,36.6545,37.5110526316,1971851,3097112,774091
156,2015-06-01,50132.11,2579.73,11.2,12.84,1.87,41.0586363636,100.117272727,84.5463636364,84.5463636364,58.64,59.2722727273,20.8731818182,9.425,89.6331818182,31.1154545455,70.0704545455,40.8204545455,31.945,,28.6481818182,1655.56,4.05409090909,38.4763636364,38.9227272727,1873930,2983530,769493
157,2015-07-01,53013.36,2862.69,11.53,11.85,1.89,38.7268181818,93.4527272727,81.9954545455,81.9954545455,56.2272727273,56.7386363636,20.075,8.75909090909,89.9795454545,31.7663636364,75.2963636364,42.0740909091,32.0636363636,,28.9095454545,1612.02666667,3.65227272727,35.8190909091,39.0086363636,2033345,3260844,863270
158,2015-08-01,52164.51,2691.57,11.88,10.66,1.76,34.6061904762,81.4738095238,75.9071428571,75.9071428571,55.1457142857,55.4019047619,18.6119047619,7.83761904762,89.0233333333,32.8123809524,79.9661904762,42.1204761905,31.7204761905,,27.7666666667,1730.66285714,2.82047619048,31.8585714286,39.3147619048,1857821,3060761,814809
159,2015-09-01,55236.65,2797.0,11.58,10.03,2.05,30.9823809524,77.1642857143,73.0176190476,73.0176190476,49.2952380952,49.3761904762,17.5042857143,7.44904761905,87.6942857143,33.243,86.0547619048,42.1895,32.1435,,25.3165,1651.555,2.465,28.3519047619,40.517,1834575,3011599,817720
160,2015-10-01,52982.39,2840.06,11.44,9.78,2.34,34.9809090909,88.4836363636,80.1440909091,80.1440909091,53.8404545455,54.3972727273,17.3504545455,7.32909090909,95.7922727273,35.225,89.7563636364,45.1290909091,31.4395454545,,27.1136363636,1592.835,3.03181818182,27.2045454545,42.455,1909772,3112295,846155
161,2015-11-01,55950.61,2764.04,11.52,9.23,2.47,34.937,92.159,81.9405,81.9405,50.802,51.0245,16.7195,6.094,98.5755,34.3583333333,93.402,47.4811111111,32.0472222222,,31.8044444444,1634.54,2.87944444444,28.9285,45.6283333333,1816761,2960237,810751
162,2015-12-01,57099.12,2798.07,12.01,9.66,2.52,31.6059090909,90.0572727273,77.9109090909,77.9109090909,46.035,46.2890909091,14.9336363636,5.51772727273,94.1054545455,34.3240909091,90.7731818182,46.2222727273,32.0545454545,,30.1381818182,1675.675,2.585,28.0090909091,43.4772727273,1812300,3275878,922984
163,2016-01-01,53333.57,2908.9,12.42,10.0,2.59,29.9589473684,83.6231578947,76.1194736842,76.1194736842,41.1142105263,41.0689473684,12.9331578947,4.42052631579,88.0142105263,31.7378947368,80.9763157895,47.2368421053,30.5915789474,,27.7931578947,1755.0,2.21263157895,26.1668421053,43.5772222222,1757585,2976133,833783
164,2016-02-01,53933.55,2953.02,12.31,10.55,2.59,29.4075,84.8815,80.3855,80.3855,44.3265,44.411,13.394,4.922,92.272,32.4005263158,80.4315,51.5478947368,30.0247368421,,28.1510526316,1694.37,2.09947368421,24.995,43.9615789474,1753380,2889063,856140
165,2016-03-01,54311.35,2812.12,11.57,11.6,2.82,30.5290909091,93.1372727273,83.2390909091,83.2390909091,48.1813636364,48.6195454545,14.9645454545,6.48090909091,93.43,33.359,83.4395454545,51.6165,31.102,,30.638,1704.29,2.5215,27.42,41.806,1880407,3122683,963246
166,2016-04-01,53850.98,2875.97,12.12,13.65,2.79,31.2323809524,98.4957142857,85.3847619048,85.3847619048,50.8266666667,51.2876190476,15.3257142857,7.31571428571,92.9714285714,32.4338095238,90.1914285714,49.97,31.7980952381,,31.029047619,1838.06470588,2.52904761905,26.6476190476,41.209047619,1891314,2975088,907657
167,2016-05-01,56284.01,3068.53,12.77,13.79,3.16,31.9695238095,101.081904762,89.2423809524,89.2423809524,50.14,50.6495238095,12.819047619,6.70666666667,90.0961904762,32.5752380952,99.3619047619,54.8785714286,32.7847619048,,32.4123809524,1917.252,2.18333333333,26.9357142857,43.32,1935709,3065466,962882
168,2016-06-01,58237.63,3354.48,13.82,13.37,3.65,32.8268181818,102.093636364,90.5331818182,90.5331818182,51.6213636364,52.3486363636,12.0831818182,6.25727272727,91.18,31.5754545455,99.2804545455,55.0154545455,31.7390909091,,33.2609090909,2004.96,2.18863636364,25.5745454545,43.4090909091,1929630,3048953,960136
169,2016-07-01,56766.91,3010.71,15.09,14.98,3.71,35.6905,104.686,93.3055,93.3055,54.669,56.506,12.3335,6.709,91.688,30.999,102.8425,57.711,31.2625,,34.5265,1995.07,2.7505,26.4,44.258,1920934,3099501,980834
170,2016-08-01,55993.99,2772.66,14.82,13.84,3.78,33.7795652174,101.446521739,87.617826087,87.617826087,49.9947826087,52.6986956522,11.9069565217,8.28217391304,94.2108695652,31.0056521739,101.660434783,54.9873913043,32.9143478261,,35.1473913043,2154.604,3.48695652174,27.0373913043,43.5995652174,1953961,3122670,963707
171,2016-09-01,55365.08,2852.24,14.96,13.99,4.22,34.1,100.378571429,85.5604761905,85.5604761905,48.7066666667,51.619047619,11.5638095238,7.87285714286,90.3580952381,29.6975,93.8380952381,52.983,33.44,,34.502,2279.276,3.21,25.6852380952,42.544,1821827,2977276,941534
172,2016-10-01,51250.99,2884.13,14.84,14.29,4.33,35.899047619,101.959047619,86.6923809524,86.6923809524,50.7480952381,53.9538095238,11.9466666667,8.58238095238,96.0914285714,30.0,99.5480952381,51.9204761905,36.9833333333,2231.92666667,34.2204761905,,3.65619047619,25.7247619048,41.5642857143,1870870,3052147,947565
173,2016-11-01,49980.76,3034.55,15.83,17.1,4.19,33.85,108.27,85.680952381,85.680952381,50.250952381,53.1371428571,11.9947619048,8.03238095238,83.9433333333,25.9747368421,87.9114285714,49.4752631579,35.5126315789,2131.19,30.7410526316,2274.4125,3.41789473684,22.5252380952,38.5468421053,1882530,3005693,942889
174,2016-12-01,47074.18,3131.09,16.3,20.72,3.86,36.4142857143,116.463333333,89.7757142857,89.7757142857,53.5114285714,57.0547619048,12.390952381,8.18285714286,76.8419047619,26.7715,83.2404761905,46.1295,34.706,2119.32,29.8655,2326.737,3.065,20.660952381,37.686,2003017,3303989,1048690
175,2017-01-01,47046.34,3429.04,17.65,24.84,4.4,37.213,115.75,86.491,86.491,55.1185,58.3405,12.674,8.4795,75.7435,26.063,77.0845,46.732,35.0345,2271.13,30.4675,2679.955,3.199,21.273,36.0885,1802259,2939298,761769
